manazana,lot,map_latitude,map_longitude
01,01,1162.5251525618905,267.59232861698626
01,02,1144.563741795679,307.1113651507198
01,03,1128.498720715475,353.9205481353532
01,04,1086.4472686887107,387.6206925150702
01,05,1076.5094483936414,436.50597167738175
01,06,1044.7464539007092,477.6781914893617






