manazana,lot,map_latitude,map_longitude
01,01,1162.5251525618905,267.59232861698626
01,02,1144.563741795679,307.1113651507198
01,03,1128.498720715475,353.9205481353532






